Timestamp,Src IP,Dest IP,Protocol,Length
2025-06-19 11:05:02,192.168.1.1,192.168.1.255,UDP,363
2025-06-19 11:05:05,192.168.1.3,74.125.250.129,UDP,62
2025-06-19 11:05:05,192.168.1.3,74.125.250.129,UDP,62
2025-06-19 11:05:05,192.168.1.3,74.125.250.129,UDP,62
2025-06-19 11:05:05,192.168.1.3,74.125.250.129,UDP,62
2025-06-19 11:05:05,192.168.1.3,52.66.194.5,UDP,62
2025-06-19 11:05:05,192.168.1.3,52.66.194.5,UDP,62
2025-06-19 11:05:05,192.168.1.3,74.125.250.129,UDP,62
2025-06-19 11:05:05,192.168.1.3,52.66.194.5,UDP,62
2025-06-19 11:05:05,192.168.1.3,52.66.194.5,UDP,62
2025-06-19 11:05:05,192.168.1.3,52.66.194.5,UDP,62
2025-06-19 11:05:05,74.125.250.129,192.168.1.3,UDP,74
2025-06-19 11:05:05,74.125.250.129,192.168.1.3,UDP,74
2025-06-19 11:05:05,74.125.250.129,192.168.1.3,UDP,74
2025-06-19 11:05:05,74.125.250.129,192.168.1.3,UDP,74
2025-06-19 11:05:05,52.66.194.5,192.168.1.3,UDP,110
2025-06-19 11:05:05,52.66.194.5,192.168.1.3,UDP,110
2025-06-19 11:05:05,52.66.194.5,192.168.1.3,UDP,110
2025-06-19 11:05:05,74.125.250.129,192.168.1.3,UDP,74
2025-06-19 11:05:05,52.66.194.5,192.168.1.3,UDP,110
2025-06-19 11:05:05,52.66.194.5,192.168.1.3,UDP,110
2025-06-19 11:05:09,192.168.1.1,192.168.1.255,UDP,363
